	torch	dynamo	tensorrt	our
1024	386.1259766	380.390625	218	80.5
2048	1368	612.640625	824	129
4096	5280	2209	3200	226
8192	20832	8482	12608	420